Country,1965,1966,1967,1968,1969,1970,1971,1972,1973,1974,1975,1976,1977,1978,1979,1980,1981,1982,1983,1984,1985,1986,1987,1988,1989,1990,1991,1992,1993,1994,1995,1996,1997,1998,1999,2000,2001,2002,2003,2004,2005,2006,2007,2008,2009,2010,2011
Abkhazia,,,,,,,,,,,,,,,,,,,,,,,,,,,,,,,,,,,,,,,,,,,,,,,
Afghanistan,0,,,,,0,,,,,0,0,0,0,0,0,0,0,0,0,0,0,0,0,0,0,0,0,0,0,0,0,0,0,0,0,0,0.1014616937,0.7788574776,2.2477393923,4.3455087972,8.8679789792,16.0163366019,26.4708799874,34.338687247,41.3857963883,54.2620802231
Akrotiri and Dhekelia,,,,,,,,,,,,,,,,,,,,,,,,,,,,,,,,,,,,,,,,,,,,,,,
Albania,0,,,,,0,,,,,0,0,0,0,0,0,0,0,0,0,0,0,0,0,0,0,0,0,0,0,0,0.0738932795,0.1067304203,0.1818750473,0.3582487857,0.9698045742,12.7592385466,27.5424318511,35.4073340177,40.3086729298,48.7059647336,60.504364338,73.2707084187,58.4533146916,77.1673897172,84.0241376857,96.3933945027
Algeria,0,,,,,0,,,,,0,0,0,0,0,0,0,0,0,0,0,0,0,0,0,0.0018577676,0.0184377044,0.0180021296,0.0175966767,0.0048574676,0.0165808985,0.0406435507,0.059501588,0.0606597884,0.2392105255,0.2816548348,0.3227658295,1.431989621,4.533907979,15.0710173043,41.5384592931,62.8832742163,81.2901232665,78.5158882757,93.6471149438,92.4212607527,98.9875902
American Samoa,0,,,,,0,,,,,0,0,0,0,0,0,0,0,0,0,0,0,,,,0,0,1.4099258782,1.7716186689,2.3128071697,2.3621005688,2.4118290941,2.5531604479,2.6908242892,3.1764519032,3.4568329718,3.6771101598,3.4111280513,3.4554250173,3.6365987296,,,,,,,
Andorra,0,,,,,0,,,,,0,0,0,0,0,0,0,0,0,0,0,0,0,0,0,0,0,1.3329409524,1.285643646,1.2422557082,4.3663735143,8.4136937158,13.2778676527,21.9733524266,32.1950457138,36.4251013399,44.3274589547,47.4921425778,71.8709748902,77.5195239866,82.8882497946,86.3910659288,78.0230986608,77.7480412221,77.1406718692,77.176423454,75.4877270353
Angola,0,,,,,0,,,,,0,0,0,0,0,0,0,0,0,0,0,0,0,0,0,0,0,0,0.0096730934,0.0155327107,0.0164723891,0.0264841631,0.0551271838,0.0747435068,0.1776254804,0.1853030936,0.5212588833,0.9401984114,2.2697878974,4.6373294998,9.7708529815,17.9574031505,28.3105968623,37.550557258,43.7045041219,46.6892416232,48.3779743458
Anguilla,,,,,,,,,,,,,,,,,,,,,,,,,,,,,,,,,,,,,,,,,,,,,,,
Antigua and Barbuda,0,,,,,0,,,,,0,0,0,0,0,0,0,0,0,0,0,0,0,0,,0,,,,,,1.8452803407,1.935787174,2.0218358269,11.186418372,28.3300710827,31.5796122024,47.4555007639,56.4149003867,65.1874743475,102.4834358168,129.6932385347,130.7744225287,157.2173432626,153.669620282,189.3473114643,181.6419675936
Argentina,0,,,,,0,,,,,0,0,0,0,0,0,0,0,0,0,0,0,0,0,0.0071457037,0.0367619555,0.0755433554,0.1389086704,0.3295859121,0.700640714,1.163084605,1.8902651515,5.625303077,7.3914168016,10.5330066102,17.5678999285,18.0734814079,17.4381408777,20.6367758788,35.2428503146,57.2796110066,80.7464922093,102.6257449375,117.1083875132,131.0023570688,132.880086041,134.9211144455
Armenia,0,,,,,0,,,,,0,0,0,0,0,0,0,0,0,0,0,0,0,0,0,0,0,0,0,0,0,0.0094572038,0.1594979769,0.2518734515,0.2640567083,0.5684474292,0.8318845591,2.3308539147,3.737199213,6.638418448,10.3734106904,41.0366780853,61.0377528194,46.8320641801,71.0377607109,125.0085379642,103.5663736567
Aruba,0,,,,,0,,,,,0,0,0,0,0,0,0,0,0,0,0,0,0,0,0,0,0,0.0292885804,,,2.1388643352,3.611455537,3.9947863459,6.1962292835,13.5682141969,16.616632141,57.3822851142,65.3304579475,72.208516129,99.3366718494,102.3971246386,106.1522134922,108.981530343,114.47984383,120.0615315349,122.6183387913,
Australia,0,,,,,0,,,,,0,0,0,0,0,0,0,0,0,0,0,0,0.0270845074,0.190538787,0.5608801396,1.0817813809,1.6827271844,2.835225642,3.8922768934,6.807345103,12.3741501465,21.7799075386,24.7123465053,26.2505045402,33.3282421783,44.6767020704,57.4341761622,64.6294992805,72.3130706871,81.9744623684,90.2785401735,95.2551050783,100.6629359827,102.8176450511,101.3592179817,101.0401113974,108.3353549445
Austria,0,,,,,0,,,,,0,0,0,0,0,0,0,0,0,0,0.1291334579,0.252334397,0.3457060951,0.4852536359,0.6644976591,0.9607962336,1.4949264707,2.2171168212,2.8172138336,3.5240806924,4.833079289,7.5210188753,14.5479808012,28.7470707864,53.2317581613,76.4174900983,81.371104985,83.3347869909,89.4245125694,97.6354315952,105.2574549974,112.1813932395,119.2810931405,129.66017191,136.6128216522,145.8365401249,154.7832399846
Azerbaijan,0,,,,,0,,,,,0,0,0,0,0,0,0,0,0,0,0,0,0,0,0,0,0,0,0,0.0065191301,0.0772718105,0.2166899715,0.5054530806,0.8149808016,4.6023838856,5.1832617142,8.9117159033,9.5914955245,12.619478262,17.1766512557,26.1064925985,38.1936028962,51.2299495795,73.2143655799,85.5570619385,99.0457980995,108.7479044485
Bahamas,0,,,,,0,,,,,0,0,0,0,0,0,0,0,0,0,0,0,0,0,0,0.750406047,0.7744062566,0.9783226282,0.8869564575,,1.4654685568,1.744237284,2.1586465982,2.7779785319,5.412125665,10.5909269581,20.0775183518,39.8164165585,39.4028388045,59.0988088543,71.3215263122,78.0665049712,113.7255557819,107.309514747,106.0450765166,124.9360557868,86.0629767035
Bahrain,0,,,,,0,,,,,0,0,0,0,0,0,0,0,0,0,0,0.1434390558,0.3837343267,0.6244266353,0.8893398467,1.0442471053,1.4513948508,1.8632046427,2.1338863405,3.2303435174,4.9367788234,6.9714774732,9.8725770929,15.0617518246,21.2947436439,32.2358596851,46.6276011268,60.5837369757,68.4693524362,96.7256162915,105.8354844807,111.8340912732,120.5508499751,136.9097427779,119.8700727955,124.1842237694,127.9641263737
Bangladesh,0,,,,,0,,,,,0,0,0,0,0,0,0,0,0,0,0,0,0,0,0,0,0,0.0002268077,0.0004438705,0.0009595076,0.0021278959,0.0033353156,0.0212469677,0.0600945402,0.1171246993,0.2152906105,0.3941048463,0.8006469048,0.9998918212,2.0064140243,6.401687906,13.4390674382,23.8752172917,30.6849887578,35.6593540733,46.169221961,56.4807853896
Barbados,0,,,,,0,,,,,0,0,0,0,0,0,0,0,0,0,0,0,0,0,0,0,0.186671071,0.3048220085,0.5956813105,1.1296961205,1.7516020287,2.3777896358,3.0227697972,4.5122790393,7.6132674559,10.6414315673,19.8033498389,36.1563614855,51.9694568078,74.1397385413,76.2246629427,87.4777726129,94.8376028098,106.0555514733,123.5787351054,128.0721908602,127.0117732956
Belarus,0,,,,,0,,,,,0,0,0,0,0,0,0,0,0,0,0,0,0,0,0,0,0,0,0.0031452231,0.0167490404,0.0573960231,0.0639181348,0.0800342441,0.119666344,0.2320747784,0.490693302,1.3819343224,4.6433023803,11.2725169282,22.6829624062,41.7247576666,60.9604981086,71.5443758103,83.9609573285,100.5207961465,107.685738854,111.8778807255
Belgium,0,,,,,0,,,,,0,0,0,0,0,0,0,0,0,0,0,0.0385486387,0.0731698595,0.1935597182,0.3103256368,0.4309972672,0.5154202575,0.614325458,0.6755425892,1.2733843472,2.3339381359,4.7352238896,9.6356791075,17.33978842,31.4001330854,55.3181486375,75.3775438575,79.0107006761,83.5265824642,88.1694619278,92.2268316297,94.0084160438,101.8917124769,106.9753381549,110.4521947318,113.4612221396,116.6127738223
Belize,0,,,,,0,,,,,0,0,0,0,0,0,0,0,0,0,0,0,0,0,0,0,0,0,0.1923428319,0.3885072822,0.702189178,0.9646515285,1.0944477427,1.4824475692,2.6960252954,6.7110557578,15.2602286988,19.6937567338,22.4746986159,27.2871150243,34.1701459706,41.1099691675,40.363122774,53.4800175112,52.9744792042,62.3184127178,63.8666616341
Benin,0,,,,,0,,,,,0,0,0,0,0,0,0,0,0,0,0,0,0,0,0,0,0,0,0,0,0.0185803186,0.0464961693,0.0717256729,0.1021331962,0.11484363,0.8511447864,1.8597490351,3.153221,3.2962427229,6.2087446784,7.8109245552,13.4116653478,25.2913101676,43.3864848887,58.5152638916,79.9435066552,85.3326654888
Bermuda,0,,,,,0,,,,,0,0,0,0,0,0,0,0,0,0,0,0,,,1.2538710112,1.8596872648,2.3940149626,3.2008994263,5.5921972401,8.3906127258,10.2988355997,12.9333398162,16.5768672367,20.1878763549,20.4619934458,20.6894356559,21.125934846,47.327569887,62.8387400833,76.6763164072,82.2080149696,93.4274343987,106.9734271806,122.1832129545,131.1687910867,135.8155864554,
Bhutan,0,,,,,0,,,,,0,0,0,0,0,0,0,0,0,0,0,0,0,0,0,0,0,0,0,0,0,0,0,0,0,0,0,0,0.3611287716,2.9791407223,5.4603946955,12.1654530067,21.7024576629,36.1337852154,47.4925910616,54.3179877125,65.5845378434
Bolivia,0,,,,,0,,,,,0,0,0,0,0,0,0,0,0,0,0,0,0,0,0,0,0.0043294275,0.0222392119,0.0372502663,0.0555294672,0.0967617798,0.4373088901,1.5175287882,3.0016922091,5.1646913145,7.0133936052,9.2007051321,11.8350104936,14.5060901817,20.0468177542,26.4730877026,30.9041374671,34.3890847115,52.3846526047,66.1424159618,72.30012259,82.8031678487
Bosnia and Herzegovina,0,,,,,0,,,,,0,0,0,0,0,0,0,0,0,0,0,0,0,0,0,0,0,0,0,0,0,0.0453765528,0.2674101858,0.7235326992,1.4607220782,2.5282521744,11.8641169362,19.8305932679,28.4131749745,37.2205170735,42.1678544914,49.9213557902,64.8426290952,84.2315278297,86.4520449305,82.715684937,84.5173321024
Botswana,0,,,,,0,,,,,0,0,0,0,0,0,0,0,0,0,0,0,0,0,0,0,0,0,0,0,0,0,0,0.8958549458,5.3235226212,12.6393333049,18.6199773712,18.3763867435,24.3140503364,28.227397809,30.0575846643,43.2988497584,59.7528974755,76.0064599232,94.5762867536,117.7616227649,142.8181774311
Brazil,0,,,,,0,,,,,0,0,0,0,0,0,0,0,0,0,0,0,0,0,0,0.000445706,0.0044036392,0.0207009734,0.1159340349,0.3601092803,0.7942833481,1.5200898338,2.7266870534,4.3493480211,8.7431801984,13.2940344286,16.2518287058,19.4551365878,25.5312895271,35.6794447736,46.3528917005,53.1600191704,63.7414821974,78.646161232,90.019363341,104.1024405315,123.1758591215
British Virgin Islands,,,,,,,,,,,,,,,,,,,,,,,,,,,,,,,,,,,,,,,,,,,,,,,
Brunei,0,,,,,0,,,,,0,0,0,0,0,0,0,0,0,0,0,0,0,0,,0.7028259792,1.1663460018,1.5378906572,3.0265589293,5.540070922,12.3892491385,14.6452750448,14.7673647802,15.7355804956,20.6473249201,29.0487897357,42.7710050606,44.9806051202,50.8542854767,56.8782080277,64.1380468877,81.3897282598,96.9868587307,103.6813579589,105.3708557385,109.0704903239,109.1696268888
Bulgaria,0,,,,,0,,,,,0,0,0,0,0,0,0,0,0,0,0,0,0,0,0,0,0,0,0.0116952293,0.0769233409,0.2503403288,0.3213823842,0.8538659635,1.5620610547,4.3386416407,9.217904518,19.502347894,32.9109074171,44.6532749447,60.7218089709,80.6929732922,107.3333055899,129.5433297432,137.3807091835,138.6089601645,136.1020835479,140.6781236172
Burkina Faso,0,,,,,0,,,,,0,0,0,0,0,0,0,0,0,0,0,0,0,0,0,0,0,0,0,0,0,0.004776127,0.0132989925,0.0234916328,0.0421362616,0.2053438698,0.6023335305,0.8529334594,1.7774046536,2.8712587391,4.4621308659,6.9524754206,12.3366465205,19.4914580215,23.9208609802,34.6587474893,45.2744588367
Burundi,0,,,,,0,,,,,0,0,0,0,0,0,0,0,0,0,0,0,0,0,0,0,0,0,0.0059494786,0.0062820678,0.0092660271,0.0091364239,0.010013762,0.0099622159,0.0127314295,0.2560262251,0.5141197538,0.7812416664,0.9358416228,1.4285036481,2.1099304082,2.6758133101,3.5029537035,6.0501159141,10.2610339459,13.7244509593,14.4603513492
Cambodia,0,,,,,0,,,,,0,0,0,0,0,0,0,0,0,0,0,0,0,0,0,0,0,0,0.0456389688,0.0942638092,0.1262396442,0.2015733156,0.2860409607,0.5117999741,0.7290083598,1.048827307,1.7659521132,2.9582984241,3.8266389469,6.5295023989,7.9505455107,12.7379755553,18.8979153184,30.6526016296,44.8422055869,57.6504243275,69.9047331306
Cameroon,0,,,,,0,,,,,0,0,0,0,0,0,0,0,0,0,0,0,0,0,0,0,0,0,0,0.0117736235,0.0200855976,0.0244969807,0.0287043904,0.0333863063,0.0391541375,0.6587398137,2.6016324333,4.2753740001,6.4170679469,8.9184048229,12.8321792199,17.4720135143,24.7193164128,32.842720352,41.7424162301,44.0670489026,52.353592012
Canada,0,,,,,0,,,,,0,0,0,0,0,0,0,0,0,0,0.0464349778,0.2291553951,0.3704225342,0.7520692082,1.2629865946,2.1073935121,2.7657158339,3.6165896608,4.6438053883,6.4317175423,8.8382085484,11.8239224897,14.0534874056,17.752556853,22.7457815299,28.4569606812,34.3879576466,37.9518688338,42.0487335045,47.0203660482,52.7100402922,57.4632605183,61.4889002246,66.2881975893,70.7099724405,70.6636669933,75.2799082352
Cape Verde,0,,,,,0,,,,,0,0,0,0,0,0,0,0,0,0,0,0,0,0,0,0,0,0,0,0,0,0,0.00484387,0.2421635174,1.8794347719,4.5121878702,7.0786976293,9.48646022,11.5953055338,14.0921711113,17.2814417097,22.7609264281,31.5123710465,56.9730246568,59.1148465993,74.974143093,79.1931440215
Cayman Islands,0,,,,,0,,,,,0,0,0,0,0,0,0,0,0,0,0,0,,,,0,2.0429046523,3.4413096482,4.1896654918,5.767089735,7.7274945109,,11.6201464891,14.0856582389,21.9674015254,26.6202263963,39.9990588457,42.1127291265,44.0029279515,67.2329083206,154.8653095584,172.3246201966,185.6233654602,177.7972691925,194.9303301472,177.6471634359,167.6743817095
Central African Republic,0,,,,,0,,,,,0,0,0,0,0,0,0,0,0,0,0,0,0,0,0,0,0,0,0,0,0.0013222306,0.0314403466,0.0393223129,0.0458758896,0.1145834566,0.1341849634,0.2920042856,0.329047189,1.0282578099,1.5181106809,2.48887473,2.6911091137,4.8066061996,5.8990632524,15.7395056376,22.2499580214,25.041248434
Chad,0,,,,,0,,,,,0,0,0,0,0,0,0,0,0,0,0,0,0,0,0,0,0,0,0,0,0,0,0,0,0,0.0668910395,0.2582782888,0.3872633829,0.7100803997,1.2981815326,2.1459442369,4.6220148636,8.8543217842,15.0181691688,20.8585666625,25.6101427888,31.8048004181
Channel Islands,,,,,,,,,,,,,,,,,,,,,,,,,,,,,,,,,,,,,,,,,,,,,,,
Chile,0,,,,,0,,,,,0,0,0,0,0,0,0,0,0,0,0,0,0,0,0.0377120007,0.1055595159,0.2690829726,0.4710940402,0.6115558542,0.8161685911,1.3693407144,2.18357627,2.7610441429,6.4115806453,14.8421267767,22.0594338974,32.688526166,39.5610337081,45.5411984353,57.4092797831,64.8371344237,75.6029218376,83.8994101816,88.0980683445,97.0186256133,116.002126485,129.7080782477
China,0,,,,,0,,,,,0,0,0,0,0,0,0,0,0,0,0,0,6.4108143214E-05,0.0002906319,0.0008690083,0.0015996399,0.0040957977,0.0150560276,0.0536726419,0.1305010858,0.2989324569,0.5589109865,1.0690311012,1.9105376292,3.437617453,6.7180581198,11.3326229725,16.0198761213,20.8716327791,25.7447580337,30.0862617709,35.072609372,41.4160788358,48.2765050182,55.9749092077,64.0408922945,73.1877692632
Christmas Island,,,,,,,,,,,,,,,,,,,,,,,,,,,,,,,,,,,,,,,,,,,,,,,
Cocos Island,,,,,,,,,,,,,,,,,,,,,,,,,,,,,,,,,,,,,,,,,,,,,,,
Colombia,0,,,,,0,,,,,0,0,0,0,0,0,0,0,0,0,0,0,0,0,0,0,0,0,0,0.2424858508,0.7532643719,1.4088387883,3.34814346,4.6833277752,5.0291600419,5.6754641855,8.0778110323,11.1898796966,14.8236814635,24.5379339151,50.7660541947,68.1122921861,76.5261268028,91.909863937,92.3458456386,96.0747505321,98.4514201541
Comoros,0,,,,,0,,,,,0,0,0,0,0,0,0,0,0,0,0,0,0,0,0,0,0,0,0,0,0,0,0,0,0,0,0,0,0.3282611514,1.3386038129,2.4142500319,5.5826958682,9.1517561104,13.1616248275,17.1277526147,22.4944538959,28.7074752335
"Congo, Dem. Rep.",0,,,,,0,,,,,0,0,0,0,0,0,0,0,0,0,0,0,0,0,0,0,0,,,,0.0192886487,0.0158957806,0.0191937193,0.0211088077,0.0247780926,0.0302259693,0.2941786516,1.0668428685,2.3036329552,3.5704889356,4.7824260462,7.4726492494,10.8470694031,15.9065830292,14.7319671902,17.91890479,23.1311739497
"Congo, Rep.",0,,,,,0,,,,,0,0,0,0,0,0,0,0,0,0,0,0,0,0,0,0,0,0,0,0,0,0.0355856943,,0.1140136191,0.163642713,2.232304443,4.6680546349,6.7438489743,9.8063367359,11.1340442543,15.7985858054,25.2854781827,34.5152752417,47.1021982155,50.7426954621,98.9389049788,93.8404221706
Cook Is,,,,,,,,,,,,,,,,,,,,,,,,,,,,,,,,,,,,,,,,,,,,,,,
Costa Rica,0,,,,,0,,,,,0,0,0,0,0,0,0,0,0,0,0,0,0,0,0,0,0,0.0932756852,0.1372217574,0.2063821577,0.5405143621,1.3081180008,1.7648672807,2.9078393767,3.6063644981,5.3994458024,8.167584574,12.305994543,18.7071409308,21.7934391899,25.5558007552,32.9478846689,33.8727101061,41.7186702532,42.4832762989,65.1444647616,92.2047571444
Cote d'Ivoire,0,,,,,0,,,,,0,0,0,0,0,0,0,0,0,0,0,0,0,0,0,0,0,0,0,0,0,0.0897884626,0.2323760966,0.5744351422,1.5830558222,2.8522608693,4.3127382071,5.9779930316,7.3369191752,9.4425169638,13.0372678549,22.1839226161,40.0483000956,55.0325598974,68.1358671043,79.0313206132,86.4212306183
Croatia,0,,,,,0,,,,,0,0,0,0,0,0,0,0,0,0,0,0,0,0,0,0.0053130258,0.044392398,0.1377454599,0.2458863401,0.4650311155,0.7215247973,1.3946124149,2.603456141,3.982331975,6.4977372456,22.9273650864,39.1599466264,51.7822048436,56.9337028538,63.7259462927,82.16369885,99.1296161682,113.7502866587,103.0868731055,105.9886906511,111.9232944158,116.3706103432
Cuba,0,,,,,0,,,,,0,0,0,0,0,0,0,0,0,0,0,0,0,0,0,0,0,0.0021813935,0.0046336257,0.0106196237,0.0177876935,0.0221659908,0.0272372727,0.0367676753,0.0464024462,0.0588600123,0.0770096106,0.1597342886,0.3154524315,0.6746524468,1.2042925681,1.3556441989,1.7593176561,2.9443400827,5.5151959205,8.9093699677,11.686335074
Cyprus,0,,,,,0,,,,,0,0,0,0,0,0,0,0,0,0,0,0,0,0.0228096306,0.1794701105,0.4116541427,0.65514199,1.2163000948,1.8669903695,2.7398307464,5.1966042571,8.105217474,10.3246897586,12.8217439616,16.3855585713,23.1448519762,32.694839841,42.6517082809,55.2783494,64.7991840962,75.7826648666,82.7824266984,92.9714861429,94.4046477208,89.6419260266,93.6958103452,97.7054606812
Czech Republic,0,,,,,0,,,,,0,0,0,0,0,0,0,0,0,0,0,0,0,0,0,0,0.0120499111,0.0450955248,0.1360765967,0.2947814985,0.4738676525,1.9429164804,5.1120805938,9.3929713144,18.9521394769,42.4295194032,67.9381393999,84.3349527401,95.1894473037,105.6941881546,115.2166625997,120.9323101853,128.2648851872,132.7906743903,136.5782177421,121.7489440539,121.6028451079
Czechoslovakia,,,,,,,,,,,,,,,,,,,,,,,,,,,,,,,,,,,,,,,,,,,,,,,
Denmark,0,,,,,0,,,,,0,0,0,0,0,0,0,0.1405509911,0.3145146765,0.5981848024,0.9014997162,1.1263602397,1.5132735857,1.9811998911,2.4130396772,2.8830776066,3.413030127,4.0808462425,6.8881432069,9.6602674829,15.7119588853,25.0530663553,27.3613699633,36.4382811013,49.4049605976,62.9937516633,73.9380943624,83.3767091263,88.5339680456,95.6785944433,100.5491707267,107.0831933891,115.3382713521,119.2762571962,123.6893909255,125.7805656144,126.4581629309
Djibouti,0,,,,,0,,,,,0,0,0,0,0,0,0,0,0,0,0,0,0,0,0,0,0,0,0,0,0,0.0170692422,0.0304916974,0.0319331146,0.0393494413,0.03142377,0.4002113116,1.9600592199,2.9500795239,4.3442546533,5.4496286959,5.4410561357,8.2838467431,13.1887858856,14.7663658567,18.6350870244,21.318095684
Dominica,0,,,,,0,,,,,0,0,0,0,0,0,0,0,0,0,0,0,0,0,0,0,0,0,0,0,0,0.6476174421,0.7848008356,0.9230463369,1.1428081654,1.7223561833,11.1019914467,17.5654030966,34.3728323699,60.558426332,75.4443235401,104.0756914119,130.0523131777,133.5113484646,145.019286829,155.8023525245,164.019209457
Dominican Republic,0,,,,,0,,,,,0,0,0,0,0,0,0,0,0,0,0,0,,,,0.0440048225,0.0763642081,0.096050841,0.1358130885,0.2699702068,0.7071351055,1.0248215715,1.728709182,2.5152198042,5.0180393759,8.210355091,14.5547185414,19.192586189,23.2553801399,27.7554514174,39.1103689045,49.0053132034,57.8355602639,74.6044676081,88.0876326395,89.5788893679,87.2178016684
East Germany,,,,,,,,,,,,,,,,,,,,,,,,,,,,,,,,,,,,,,,,,,,,,,,
Ecuador,0,,,,,0,,,,,0,0,0,0,0,0,0,0,0,0,0,0,0,0,0,0,0,0,0,0.1693269888,0.4776667516,0.5160447007,1.0744432332,2.0302709475,3.1542564208,3.9061328602,6.8447222427,12.2253486708,18.4644477761,26.8317749233,46.5227541973,62.208443172,71.7702327722,83.1236759021,92.8492565262,102.1845606754,104.545598663
Egypt,0,,,,,0,,,,,0,0,0,0,0,0,0,0,0,0,0,0,0.0049410821,0.0055498687,0.0065011448,0.0070368922,0.0077649952,0.0083265016,0.0114577666,0.0120772549,0.0118716527,0.011674496,0.1018355445,0.1390095095,0.7237356723,2.0102465366,4.055566575,6.4050211193,8.1086112754,10.4922235017,18.3679399875,23.820926968,39.112370878,52.713130134,69.436615038,87.1056051191,101.076338461
El Salvador,0,,,,,0,,,,,0,0,0,0,0,0,0,0,0,0,0,0,0,0,0,0,0,0,0.029226115,0.0859490591,0.2350262959,0.4018024648,0.6878282503,2.332625678,8.6509366963,12.5183471219,14.3777760308,14.842742425,19.1359840014,30.3971176979,39.86030606,63.4063584299,100.5984886085,113.3951848301,122.8202186765,124.339491422,125.8452240236
Equatorial Guinea,0,,,,,0,,,,,0,0,0,0,0,0,0,0,0,0,0,0,0,0,0,0,0,0,0,0,0,0.0133385521,0.0634939448,0.0608557923,0.1190473828,0.9608363119,2.7922821322,5.7717038611,7.2552574393,10.4951898459,15.9443445295,19.1761601976,23.2942404214,27.1769080832,29.3636170103,57.0087706899,59.149168371
Eritrea,0,,,,,0,,,,,0,0,0,0,0,0,0,0,0,0,0,0,0,0,0,0,0,0,0,0,0,0,0,0,0,0,0,0,0,0.4631406074,0.9013955158,1.3344419961,1.7577769669,2.1956652635,2.7683416117,3.5265783425,4.4677098876
Eritrea and Ethiopia,,,,,,,,,,,,,,,,,,,,,,,,,,,,,,,,,,,,,,,,,,,,,,,
Estonia,0,,,,,0,,,,,0,0,0,0,0,0,0,0,0,0,0,0,0,0,0,0,0.0367180505,0.1635180603,0.4824478216,0.9389127317,2.1136800605,4.8953073373,10.2765987166,17.7644931653,28.0442504939,40.634718683,47.7831677334,64.9396599255,77.6831329445,93.1241003553,107.3888236269,123.4116892528,125.2425955396,121.0349850426,117.0620193809,123.2391100109,138.9831090078
Ethiopia,0,,,,,0,,,,,0,0,0,0,0,0,0,0,0,0,0,0,0,0,0,0,0,0,0,0,0,0,0,0,0.0105528824,0.027077721,0.0408595476,0.0729555503,0.0725078991,0.2144509147,0.5529338153,1.1404937347,1.5549695313,2.4601826295,4.9905348407,8.2628546432,16.6717201125
Faeroe Islands,0,,,,,0,,,,,0,0,0,0,0,0,0,0,0,0,0,0,0,0,,0,3.0407490159,3.7307274701,3.5703957467,4.4523192949,5.8827587793,7.5202690252,10.74612536,14.689571216,23.8761925893,37.100758586,52.8215194788,73.9966768916,80.1019548365,86.1901283523,87.0985121638,103.0737493553,107.4055011118,112.8876268082,117.2092544987,122.0456598505,
Falkland Is (Malvinas),,,,,,,,,,,,,,,,,,,,,,,,,,,,,,,,,,,,,,,,,,,,,,,
Fiji,0,,,,,0,,,,,0,0,0,0,0,0,0,0,0,0,0,0,0,0,0,0,0,0,0,0.1436547063,0.2836327163,0.4715099661,0.6556012936,0.9991444825,2.8974120336,6.7827743132,9.9331107784,11.0126222536,13.443870903,17.359254403,24.9224062158,34.3774379684,63.4585108714,71.1194557939,75.0889040892,81.0947418324,83.7166026029
Finland,0,,,,,0,,,,,0,0,0,0,0,0.4913078556,0.5890111245,0.7020069567,0.8700613469,1.0659457886,1.3797665786,1.7333058064,2.1441606763,2.7901613289,3.8254648641,5.171463976,6.3710682031,7.6671090573,9.6648077585,13.2818742175,20.3438974338,29.306363468,42.0795068237,55.2508588584,63.4141063678,72.073426026,80.5292583864,86.9060407269,91.1052576529,95.4446240356,100.4892510824,107.6731657962,114.9244740173,128.471988404,144.1530223647,156.3972049079,166.0238041736
France,0,,,,,0,,,,,0,0,0,0,0,0,0,0,0,0,0,0.0162932343,0.0702225723,0.1750837948,0.3160679055,0.4993981476,0.6584023188,0.7636001613,0.9963032447,1.532217236,2.2517196578,4.2418241067,9.9832815686,19.1638292429,36.4815770376,49.201430807,62.2949174551,64.5514056815,69.2909749726,73.5089643756,78.8373025825,84.1701347216,89.6565911614,93.3550427448,95.4443422564,100.6570949308,105.0282155212
French Guiana,,,,,,,,,,,,,,,,,,,,,,,,,,,,,,,,,,,,,,,,,,,,,,,
French Polynesia,0,,,,,0,,,,,0,0,0,0,0,0,0,0,0,0,0,0,0,0,0,0,0,0,0,0,0.532905773,1.2349435896,2.4155750511,4.8260905612,9.390147817,16.7902439845,27.8734965707,21.3265306122,24.199036065,38.1524667954,47.082826539,58.8875673623,66.9027530659,70.7436654432,77.800773297,79.7336425817,81.3899633643
Gabon,0,,,,,0,,,,,0,0,0,0,0,0,0,0,0,0,0,0,0,0,0,0,0,0.0282460514,0.1172411974,0.2444807129,0.3678746136,0.6081120357,0.8272263709,0.8229649149,0.7367039479,9.7144439209,11.8749332035,21.6413851032,22.7706750139,36.4066030289,53.7443944062,64.2708375084,82.1136286848,89.6360088533,92.9263614423,106.943843854,117.3202490839
Gambia,0,,,,,0,,,,,0,0,0,0,0,0,0,0,0,0,0,0,0,0,0,0,0,0.0197340164,0.0429300663,0.0741570119,0.1280431333,0.2672864212,0.3974293858,0.4120668319,0.4210958967,0.4317376515,4.1241350809,7.2672570102,10.5302655207,11.9822553069,16.4581778812,26.1329874313,50.2948741232,71.2750449696,78.0666859325,85.5329861131,89.015107795
Georgia,0,,,,,0,,,,,0,0,0,0,0,0,0,0,0,0,0,0,0,0,0,0,0,0,0,0,0.0029590065,0.046070617,0.6091903677,1.2336302407,2.7729264912,4.103469093,6.4312852176,10.8866255631,15.5632970669,18.5999579167,26.2297615862,38.3514543112,58.8709217211,62.7008583033,64.8660266186,91.4470787943,102.3466479527
Germany,0,,,,,0,,,,,0,0,0,0,0,0,0,0,0,0,0.001390232,0.0305977729,0.062516414,0.1261982899,0.2080677101,0.344646737,0.668221323,1.2105802992,2.1925900363,3.0560084316,4.5465951611,6.7055689422,10.052714926,16.8948647249,28.4740831618,58.5337820689,68.127094575,71.7294028416,78.560584838,86.4254078339,96.0386361455,103.7751487718,116.6229320736,127.9450964156,127.4188883212,127.0435824735,132.298778791
Ghana,0,,,,,0,,,,,0,0,0,0,0,0,0,0,0,0,0,0,0,0,0,0,0,0.002554956,0.0108161795,0.0201511883,0.0364772378,0.0732448615,0.122462581,0.2283941902,0.3741569367,0.6785373085,1.2418179971,1.9228798767,3.8597495296,8.0256020018,13.2836680699,23.4871962616,33.4797379212,49.7349658978,63.41781842,71.4868626261,84.7792958179
Gibraltar,,,,,,,,,,,,,,,,,,,,,,,,,,,,,,,,,,,,,,,,,,,,,,,
Greece,0,,,,,0,,,,,0,0,0,0,0,0,0,0,0,0,0,0,0,0,0,0,0,0,0.4587026646,1.4469270013,2.5581417359,4.9467016147,8.6624404821,18.8063800943,35.6933487858,53.9953233324,72.1850695157,84.1143236536,80.4261010999,83.6468707425,91.7490065826,97.8655174565,109.2325970882,122.206658332,117.3794227321,108.2167582535,106.4789463699
Greenland,0,,,,,0,,,,,0,0,0,0,0,0,0,0,0,0,0,0,0,0,0,0,0,0.3068090069,0.7865249246,1.7328467941,3.6895193916,7.4060765043,11.6267805246,15.9289025722,24.1351611867,26.8951526799,28.1620711056,35.1902221908,52.3344592217,68.4297259866,81.2729498164,94.0991620112,115.8489775979,97.3812306994,93.3058774257,100.0925020944,102.5237363865
Grenada,0,,,,,0,,,,,0,0,0,0,0,0,0,0,0,0,0,0,0,0,0,0.1559251559,0.1525402623,0.1863808141,0.2871339551,0.3524211332,0.399349061,0.5659983914,0.9659636378,1.3930190972,1.9851214555,4.2355351549,6.3048628245,7.4082429331,41.3846078575,42.2751451857,45.6109953861,44.8314683075,49.7068725331,57.8675896378,109.9205548671,116.7092556969,
Guadeloupe,,,,,,,,,,,,,,,,,,,,,,,,,,,,,,,,,,,,,,,,,,,,,,,
Guam,0,,,,,0,,,,,0,0,0,0,0,0,0,0,0,0,0,0,0,0,0,0,0.6350810882,0.936099179,1.3495725528,2.8559083433,3.4109879843,3.9347441365,3.8002666149,8.4976665674,13.0730062031,17.5317602016,20.6858042082,43.9822324258,48.9207398189,59.0653214238,,,,,,,
Guatemala,0,,,,,0,,,,,0,0,0,0,0,0,0,0,0,0,0,0,0,0,0,0.0032836008,0.0133719005,0.0229103287,0.0312612035,0.1068828816,0.2995205016,0.4237671485,0.6124496316,1.0392931035,3.0780967266,7.625018232,9.9581095104,13.3647295746,16.8183098573,25.5406390642,35.4644364612,55.0732479503,89.0613348073,109.1871167056,123.3285160931,125.5685534344,140.3756414784
Guernsey,,,,,,,,,,,,,,,,,,,,,,,,,,,,,,,,,,,,,,,,,,,,,,,
Guinea,0,,,,,0,,,,,0,0,0,0,0,0,0,0,0,0,0,0,0,0,0,0,0,0,0.000611218,0.0112006829,0.012557442,0.0121705387,0.0359301467,0.265844083,0.3061217791,0.5046685919,0.6570794677,1.0548829184,1.2751668181,1.7425402908,2.0903731349,,21.3364763385,28.7683686034,35.7434938697,40.0737758213,44.0235230402
Guinea-Bissau,0,,,,,0,,,,,0,0,0,0,0,0,0,0,0,0,0,0,0,0,0,0,0,0,0,0,0,0,0,0,0,0,0,0,0.0969732924,2.9423171297,7.2256606919,11.2741599379,20.7993871609,34.4043743212,37.7560439857,,25.9769976749
Guyana,0,,,,,0,,,,,0,0,0,0,0,0,0,0,0,0,0,0,0,0,0,0,0,0.1162220241,0.1419488515,0.1721831335,0.1707466836,0.1646113115,0.1918483631,0.1990531968,0.3848278049,5.4330849365,10.2430619303,10.7586472288,18.6192934508,23.080015543,37.7050124961,53.4529967754,71.8300207448,59.5771829404,68.1970961989,73.6119486861,68.6150203693
Haiti,0,,,,,0,,,,,0,0,0,0,0,0,0,0,0,0,0,0,0,0,0,0,0,0,0,0,0,0,0,0.1198719815,0.2942783577,0.6361785978,1.040727003,1.5668276619,3.5260157708,4.3418635756,5.351299664,12.6593816145,26.0187566094,32.8665867187,36.9820648137,40.0270302535,41.4864516608
Holy See,,,,,,,,,,,,,,,,,,,,,,,,,,,,,,,,,,,,,,,,,,,,,,,
Honduras,0,,,,,0,,,,,0,0,0,0,0,0,0,0,0,0,0,0,0,0,0,0,0,0,0,0,0,0.0404969329,0.2472236393,0.5852080024,1.2904085998,2.4970606214,3.7437973353,5.0406289439,5.7397890288,10.487729137,18.6279507789,31.9297486138,58.4570443812,85.0462880929,112.628747975,125.0581012572,103.9658854058
"Hong Kong, China",0,,,,,0,,,,,0,0,0,0,0,0,0,0,0,0.0186904953,0.0812613235,0.182255562,0.5042747438,0.9084982142,1.5587766977,2.3112755458,3.2382072395,3.9452063318,4.868680565,8.0162214965,12.9936839186,21.726220721,34.764953324,48.3613148361,63.8768939473,80.3050484004,84.5873599274,93.5489820772,107.7242891001,120.6559669036,125.4688973736,138.213891461,156.4377442607,167.1893407916,180.2692367575,195.5672675154,209.6399322287
Hungary,0,,,,,0,,,,,0,0,0,0,0,0,0,0,0,0,0,0,0,0,0,0.0254907327,0.0818177615,0.2249848952,0.4417350741,1.3826541875,2.5649952867,4.5869722812,6.8580560242,10.4252886172,15.9039355807,30.1284505381,48.7736314888,67.7815331865,78.391393844,86.3189788963,92.3967397037,99.0207540057,109.831724383,121.9746762236,117.8982582614,120.315005191,117.2968185399
Iceland,0,,,,,0,,,,,0,0,0,0,0,0,0,0,0,0,0,1.082236896,2.0288692538,2.6125534012,3.1299196206,3.9286793593,5.008179236,5.8684551776,6.6348814342,8.24622795,11.5459963062,17.3275482287,23.9587151256,37.8363472758,62.0014870529,76.4183350521,87.3725316206,90.8136116855,96.5298007759,98.9979658981,95.4051148637,100.3029799674,106.6652274459,108.4515202822,107.6604456445,106.541282455,106.0792438172
India,0,,,,,0,,,,,0,0,0,0,0,0,0,0,0,0,0,0,0,0,0,0,0,0,0,0,0.0079503474,0.0333790559,0.0881347081,0.1173720051,0.1818378973,0.3394156395,0.6104309409,1.1940911812,3.0464269802,4.6500809955,7.9067202581,14.3512937904,19.8999698314,29.1292787006,43.4770581925,61.4226032977,71.9990549113
Indonesia,0,,,,,0,,,,,0,0,0,0,0,0,0,0,0,0.0010624933,0.0012068817,0.0026424086,0.0036168077,0.0050604808,0.0071347414,0.0098163269,0.0130849637,0.0186580991,0.0276128774,0.0397092051,0.1056382357,0.2781198631,0.4467753369,0.5128096884,1.0545372094,1.7194966765,3.0161153867,5.3418226614,8.3372316894,13.5065560493,20.6376228577,27.7502688811,40.1730102294,59.8329655363,68.9414355261,88.0849667086,97.7195376248
Iran,0,,,,,0,,,,,0,0,0,0,0,0,0,0,0,0,0,0,0,0,0,0,0,0,0,0.0156439558,0.0266110576,0.0986044949,0.3856657003,0.6177019979,0.7630537002,1.4731570822,3.1477019486,3.3909334301,5.0687482879,7.3674454635,12.2046006793,21.7977249921,41.6739587929,59.4832227639,71.8581479278,73.0689625479,74.925208158
Iraq,0,,,,,0,,,,,0,0,0,0,0,0,0,0,0,0,0,0,0,0,0,0,0,0,0,0,0,0,0,0,0,0,0,0.0792610744,0.3087017386,2.1563931252,5.6031805597,33.2090946736,48.4148850467,58.7804569216,65.4747883895,73.4551289198,78.1235123577
Ireland,0,,,,,0,,,,,0,0,0,0,0,0,0,0,0,0,0.0084887169,0.042390616,0.098240325,0.1783095743,0.3846537352,0.7079708169,0.9045614206,1.2396803653,1.7134274382,2.4535190573,4.3755701396,7.931933784,14.8507027516,25.5214427331,44.7087333992,64.6987996151,76.827167328,76.2237533033,87.2707832877,94.4764097789,102.692565395,110.9716053367,115.8336086994,115.9724880113,106.6252041791,105.1807422985,108.4084544574
Isle of Man,,,,,,,,,,,,,,,,,,,,,,,,,,,,,,,,,,,,,,,,,,,,,,,
Israel,,,,,,,,,,,,,,,,,,,,,,,,,,0.3386705049,0.4954415073,0.7509771502,1.2932592242,2.5835802991,8.3542648187,19.0928585723,29.7017556167,37.2412345634,48.8768009319,73.1510287778,89.713589895,100.9358988963,104.1916964232,111.6008595576,117.4489429444,124.4054344964,128.6382352372,126.6439604282,124.2537304697,122.8162406988,121.657815179
Italy,0,,,,,0,,,,,0,0,0,0,0,0,0,0,0,0,0.0112995562,0.0159200368,0.0290971672,0.0591450549,0.1162696733,0.4680434534,0.9990140189,1.3762156264,2.1201748864,3.9322254955,6.8863174314,11.278867235,20.6332479614,36.0394924871,53.268931425,74.1335698251,89.5921323681,94.2627269508,98.1087969701,107.6998400138,121.8655706515,136.1122912016,150.9381178593,150.8411572204,146.1011892481,149.6263107661,151.8374452986
Jamaica,0,,,,,0,,,,,0,0,0,0,0,0,0,0,0,0,0,0,0,0,0,0,0.1027958194,0.3180653885,0.6294663535,1.0702088313,1.833747983,2.1990830178,2.6304702481,3.1033135324,5.6445594474,14.2138664915,22.9551579855,47.4101740768,59.5691518889,68.9539595714,73.8896494065,84.3608395696,99.0878325253,100.1117898806,108.2499320705,116.0866338909,108.1214041645
Japan,0,,,,,0,,,,,0,0,0,0,0,0,0.0113632514,0.0168242353,0.0229414076,0.0338515714,0.0515040572,0.0789120095,0.1245815082,0.2000153548,0.4018273418,0.7100773764,1.1231247884,1.3903060843,1.7236621992,3.4902909402,9.4083406985,21.5571157457,30.580711949,37.747743145,45.2838850107,53.1213882626,59.4304589995,64.3549191268,68.6734432864,72.4263059526,76.3365397992,78.935805602,84.8425780857,87.2379865319,91.8955441967,97.4325116536,102.6650201802
Jersey,,,,,,,,,,,,,,,,,,,,,,,,,,,,,,,,,,,,,,,,,,,,,,,
Jordan,0,,,,,0,,,,,0,0,0,0,0,0,0,0,0,0,0,0,0,0,0,0.0421306331,0.0406183434,0.0384125779,0.0362253576,0.0342935528,0.2701959491,0.5346465984,0.9776376539,1.7605442781,2.4922019379,8.0576189079,17.6296767287,24.3998846024,26.0028959404,31.1707289829,58.7364063136,79.0356238093,84.1938948482,90.8464285568,99.8136946544,106.9946197222,118.2047588303
Kazakhstan,0,,,,,0,,,,,0,0,0,0,0,0,0,0,0,0,0,0,0,0,0,0,0,0,0,0.0024813716,0.0288838532,0.0623578206,0.0723424421,0.1945603163,0.3281977132,1.3191417836,3.9066522232,6.8918454705,8.8958058361,16.255364536,35.5791548863,50.7808770878,79.6239464314,95.2426982606,107.7147692306,121.0667395798,142.5498634828
Kenya,0,,,,,0,,,,,0,0,0,0,0,0,0,0,0,0,0,0,0,0,0,0,0,0.0043925625,0.0044957843,0.0074691605,0.008309718,0.0100242636,0.0233789996,0.0362198663,0.0779885756,0.4076445218,1.8705465793,3.6052201868,4.7057264776,7.3371681361,12.9496698206,20.0879216379,30.2770108538,42.3960363661,49.0711741579,61.6322834415,64.8424594364
Kiribati,0,,,,,0,,,,,0,0,0,0,0,0,0,0,0,0,0,0,0,0,0,0,0,0,0,0,0,0,0,0.027132022,0.2423537395,0.3571003452,0.4617182934,0.5680057833,0.5925024781,0.6803247859,0.7066139062,0.7483909594,0.7891165052,1.0359259106,10.1063992573,10.6433206759,13.638926533
North Korea,0,,,,,0,,,,,0,0,0,0,0,0,0,0,0,0,0,0,0,0,0,0,0,0,0,0,0,0,0,0,0,0,0,0,0,0,0,0,0,0,0.2857516648,1.7740694052,4.0897646075
South Korea,0,,,,,0,,,,,0,0,0,0,0,0,0,0,0,,,0.0172645442,0.0246548021,0.0483560488,0.093339828,0.1861431377,0.3829795927,0.6218418903,1.0708430751,2.1644094485,3.6749087477,7.0767861989,15.2092068379,30.8133720064,51.2420423404,58.31220591,62.8548967407,69.6723156851,72.0469178262,78.1240783957,81.5028915618,85.0413431082,93.4100269983,95.5441212063,99.9589253781,105.3621104648,108.5045170166
"United Korea (former)
",,,,,,,,,,,,,,,,,,,,,,,,,,,,,,,,,,,,,,,,,,,,,,,
Kosovo,,,,,,,,,,,,,,,,,,,,,,,,,,,,,,,,,,,,,,,,,,,,,,,
Kuwait,0,,,,,0,,,,,0,0,0,0,0,0,0,0,0,0,0,0.4466671279,0.7381346151,0.8628485045,1.0798876917,0.9932044411,2.1171794836,2.6506215708,3.5808384967,5.0484370259,7.2245350022,9.2783701447,12.5088455408,14.1748025308,16.1532012683,24.5261455926,43.6865665997,59.2806317083,66.7674133646,91.3456817471,100.5735830255,107.5935989889,113.3126727559,114.0737677031,146.4694292302,160.7756988993,
Kyrgyz Republic,0,,,,,0,,,,,0,0,0,0,0,0,0,0,0,0,0,0,0,0,0,0,0,0,0,0,0,0,0,0.0279858288,0.0525427829,0.1816402111,0.5413051951,1.0611089112,2.760970284,5.2482222301,10.7419887549,24.8195417375,42.1918492189,65.2180663569,85.1302075132,98.8986962112,104.82922831
Lao,0,,,,,0,,,,,0,0,0,0,0,0,0,0,0,0,0,0,0,0,0,0,0,0.0065395292,0.0074606953,0.0133604647,0.0320951836,0.0772214932,0.0979751926,0.126014359,0.231338538,0.2384964623,0.5462281509,1.0035111976,2.0113657617,3.6031236683,11.4286290349,17.2824198692,24.9251903223,33.5790877484,52.921569407,64.5615777338,87.163148054
Latvia,0,,,,,0,,,,,0,0,0,0,0,0,0,0,0,0,0,0,0,0,0,0,0,0.0393076646,0.1477960881,0.3307375994,0.6020235986,1.1573054194,3.1611393878,6.9203523073,11.4193332479,16.8250193294,27.7461430776,39.0239709999,52.2464629588,66.2596061019,81.1788883067,95.2298218989,97.1650436759,101.2069401259,101.8670015654,102.3995808282,102.935971062
Lebanon,0,,,,,0,,,,,0,0,0,0,0,0,0,0,0,0,0,0,0,0,0,0,0,0,0,0,3.4652295975,5.5945842164,10.3937620749,13.8659793956,16.9917179602,19.8539465664,20.1623338802,20.0362724195,20.212831105,22.1219536963,24.5176215693,27.0028703169,30.4725273237,34.2459589408,56.9531259307,68.0000009462,78.6494827329
Lesotho,0,,,,,0,,,,,0,0,0,0,0,0,0,0,0,0,0,0,0,0,0,0,0,0,0,0,0,0.0689910793,0.1876456264,0.5171592068,0.6203675988,1.0998646555,2.8657861832,6.8624422401,6.2075648012,9.5853651626,12.0917709386,17.1614735795,21.6511057258,27.8843966284,30.7556156916,45.4768946787,47.906800988
Liberia,0,,,,,0,,,,,0,0,0,0,0,0,0,0,0,0,0,0,0,0,0,0,0,0,0,0,0,0,0,0,0,0.0526816727,0.0680435043,0.166884618,1.5556006232,3.0513583346,5.0274324996,8.4497232414,16.1912022816,23.3602936755,28.2868113565,39.3405108807,49.1677509802
Libya,0,,,,,0,,,,,0,0,0,0,0,0,0,0,0,0,0,0,0,0,0,0,0,0,0,0,0,0,0.2019762977,0.3967283401,0.5843028216,0.7646445196,0.9378556231,1.2881160438,2.2919794076,8.8451787673,34.6637932693,66.6395757667,74.7129404307,119.9930239592,152.2369144008,171.5154666039,155.6960141198
Liechtenstein,,,,,,,,,,,,,,,,,,,,,,,,,,0,,,,,,,,23.3717669056,27.7178934401,30.4386205217,33.0936550438,33.9082852555,73.5164382756,74.2034046268,79.2685035739,82.1688812688,90.7758180684,95.7180259565,97.8418875098,98.5235346359,101.8345085941
Lithuania,0,,,,,0,,,,,0,0,0,0,0,0,0,0,0,0,0,0,0,0,0,0,0,0.0072358841,0.0338087427,0.1235339245,0.4076763851,1.414327905,4.6220599319,7.5388414498,9.4218289019,14.971308801,29.2560226369,47.526774765,60.9835604278,88.9017091776,127.4522300825,138.8569982298,145.3688810708,149.4922166475,148.4991007445,147.158587452,151.2979212881
Luxembourg,0,,,,,0,,,,,0,0,0,0,0,0,0,0,0,0,0.0109076233,0.0792472596,0.1011310497,0.1450233188,0.176290633,0.216145321,0.2952651294,0.2866077415,1.2827535028,3.2092761645,6.5856567253,10.8859467266,16.0265169129,30.6902844672,48.5754092651,69.639556271,93.0729518622,106.8004570066,120.7599587758,104.2387466511,111.5492883812,153.140343567,143.8889753087,145.2398511856,144.6837755231,143.2659109899,148.2675344662
"Macao, China",0,,,,,0,,,,,0,0,0,0,0,0,0,0,0,0,0,0,0,0,0.3891597765,0.6205015721,1.3117975171,2.782055964,3.9291991287,5.4719754227,9.0056873798,11.0640105927,12.8561002311,19.6710865165,27.8348401573,32.6609812743,44.1722598889,61.4360850064,79.2308730325,91.9857825651,110.6707659071,129.0066029149,157.0711614782,179.8770596937,195.2917478515,206.4285136189,243.4980233242
"Macedonia, FYR",0,,,,,0,,,,,0,0,0,0,0,0,0,0,0,0,0,0,0,0,0,0,0,0,0,0,0,0.0536162324,0.6234007768,1.510085304,2.435215658,5.761212409,11.0747368029,18.0662676072,38.2677152152,48.479148703,55.4929103399,61.859261286,87.6221359993,95.8590983589,94.4790591457,104.5066324107,109.3621617012
Madagascar,0,,,,,0,,,,,0,0,0,0,0,0,0,0,0,0,0,0,0,0,0,0,0,0,0,0.0023569865,0.009901573,0.0169775891,0.0293241163,0.0885886717,0.2400724354,0.410654016,0.9308100786,0.9976762302,1.6842292009,1.9235492193,2.8529013835,5.6758852697,11.6837002989,24.7373848387,31.2251647896,37.2298367578,38.2807756085
Malawi,0,,,,,0,,,,,0,0,0,0,0,0,0,0,0,0,0,0,0,0,0,0,0,0,0,0,0.0038650862,0.036740593,0.0678352089,0.0989412998,0.2060012278,0.4363795954,0.4833755835,0.7271719622,1.1125122427,1.7809562156,3.2845400074,4.6998676577,7.7328777627,10.7652398092,17.2108855313,20.9207252128,25.0685135995
Malaysia,0,,,,,0,,,,,0,0,0,0,0,0,0,0,0,0,,0.0666885777,0.1042465922,0.1587319398,0.2226453457,0.475710273,0.6948982813,1.0444287198,1.7258893503,2.8295341761,4.8505150137,7.1554228901,9.1821045007,9.8555498931,13.0752120305,21.8738753159,30.8162603531,36.927924629,44.3891393615,57.0955113612,74.8843660103,73.2096287082,86.3068923301,100.7671876177,107.8520662075,119.2175618218,127.0351202949
Maldives,0,,,,,0,,,,,0,0,0,0,0,0,0,0,0,0,0,0,0,0,0,0,0,0,0,0,0,0.0078752559,0.498065652,0.6086399588,1.0893521966,2.7953856739,6.8015162478,14.84379982,23.1859487555,38.9177560587,68.9676195637,90.5263193051,103.2944695739,141.6065298799,146.8439944954,156.4971429476,165.7233637735
Mali,0,,,,,0,,,,,0,0,0,0,0,0,0,0,0,0,0,0,0,0,0,0,0,0,0,0,0,0.011760914,0.0274024432,0.0419506951,0.0582238844,0.0920557923,0.2061633716,0.383056431,1.9969379902,3.1855041518,5.7828542355,11.1305135456,18.050992291,23.7798781327,29.91682726,48.4090791239,68.322257884
Malta,0,,,,,0,,,,,0,0,0,0,0,0,0,0,0,0,0,0,0,0,0,0,0.6138024794,0.9320086384,1.3963021703,1.9566204209,2.7914304044,3.2110810554,4.5187854886,5.7268274581,9.4959009862,28.7967389663,59.89203144,68.8286214338,71.6406406332,75.1669396807,79.1556212512,84.3552655905,89.3172211881,93.160943698,101.6528587255,109.3787738737,124.8634095559
Marshall Islands,0,,,,,0,,,,,0,0,0,0,0,0,0,0,0,0,0,0,0,0,0,0,0,0,0,0.5537427074,0.517565872,0.7102687346,0.9014062712,0.6643558637,0.8506144393,0.8572250455,0.9380215227,1.0601928322,1.1501769503,1.2392241379,1.2683283049,1.9153418885,2.8578505154,3.7821482602,5.6183983819,7.0320885303,
Martinique,,,,,,,,,,,,,,,,,,,,,,,,,,,,,,,,,,,,,,,,,,,,,,,
Mauritania,0,,,,,0,,,,,0,0,0,0,0,0,0,0,0,0,0,0,0,0,0,0,0,0,0,0,0,0,0,0,0,0.578943923,4.0605918246,8.8288785655,12.1774335419,17.6217041105,24.4684631942,33.8701561266,44.0121805152,63.4849999423,64.6088825597,79.3398295206,92.7102616376
Mauritius,0,,,,,0,,,,,0,0,0,0,0,0,0,0,0,0,0,0,0,0,0,0.2076357088,0.2329373399,0.2674162648,0.3651216153,0.50853802,1.0320130719,1.811728996,3.657556685,5.1513015882,8.6214931573,15.0498274705,22.5457861967,28.4644145675,37.484374924,43.9719540263,52.2643470179,60.9777181996,72.7959863599,80.4845429642,84.1390854353,91.6660765472,99.0438491558
Mayotte,,,,,,,,,,,,,,,,,,,,,,,,,,,,,,,,,,,,,,,,,,,,,,,
Mexico,0,,,,,0,,,,,0,0,0,0,0,0,0,0,0,0,0,0,0,0.0018516211,0.0102822841,0.0758256156,0.1872566179,0.3572156214,0.4333220592,0.627679618,0.7461715484,1.088768074,1.8239621414,3.4529981995,7.8482848424,14.0835706075,21.4720784836,25.2628050626,28.9672337168,36.5588604477,44.2590939011,51.370452961,60.9403068298,68.0696045721,74.2578525868,80.5504308132,82.3787374566
"Micronesia, Fed. Sts.",0,,,,,0,,,,,0,0,0,0,0,0,0,0,0,0,0,0,0,0,0,0,0,0,0,0,0,0,0,0,0,0,0,0.0928263775,5.4179552273,11.7345720948,12.880761111,16.9561613641,24.9209751844,24.9168682668,24.8473020348,24.7767053231,
Moldova,0,,,,,0,,,,,0,0,0,0,0,0,0,0,0,0,0,0,0,0,0,0,0,0,0,0,0.0003226736,0.021357189,0.0515419235,0.1658260863,0.4319551803,3.3846831157,5.5690257225,8.5220715922,12.2148881188,20.5595435207,28.9311355086,36.5589840647,51.2817509819,66.667858761,77.2951880079,88.5853309021,104.798519774
Monaco,0,,,,,0,,,,,0,0,0,0,0,0,0,0,0,0,0,0,0,0,0,0,0,0,3.5765379113,7.8559587401,9.1021990671,16.1266238614,21.1926767528,33.312042736,37.543053961,39.6486932756,40.5293584221,42.0870943097,42.6945616171,44.6403265121,48.754963131,51.9097172995,57.7985550361,62.2594521168,65.0139921418,66.1281667467,85.810257713
Mongolia,0,,,,,0,,,,,0,0,0,0,0,0,0,0,0,0,0,0,0,0,0,0,0,0,0,0,0,0.0387035348,0.0852653757,0.3815969868,1.4467976802,6.4112958241,8.0098089352,8.7845837063,12.8361078507,17.0491739386,21.874081149,29.9867306105,45.5164375508,66.0991634783,82.9390052363,91.0910409684,105.0783289538
Montenegro,,,,,,,,,,,,,,,,,,,,,,,,,,,,,,,,,,,,,,,,77.1664922669,86.6740381562,102.6483317758,111.9494491705,184.0527031,205.2815912822,185.2760930498,
Montserrat,,,,,,,,,,,,,,,,,,,,,,,,,,,,,,,,,,,,,,,,,,,,,,,
Morocco,0,,,,,0,,,,,0,0,0,0,0,0,0,0,0,0,0,0,0.0002571712,0.0004406666,0.0028794042,0.0036479406,0.0059434302,0.0125273552,0.0257586132,0.052006515,0.1095898041,0.1571604745,0.2687680853,0.4153627196,1.2978787329,8.1338547706,16.3812886888,21.0453063124,24.7221762779,31.0379323926,40.7759019807,52.1291355987,64.5873124738,72.8436640535,80.0099315545,100.0966060592,113.2648729553
Mozambique,0,,,,,0,,,,,0,0,0,0,0,0,0,0,0,0,0,0,0,0,0,0,0,0,0,0,0,0,0.014825898,0.0388828992,0.0690291245,0.2805668103,0.8166937833,1.3268683404,2.2096080378,3.4969374878,7.240934322,10.9873762338,14.1201089746,19.7242901728,26.1204936941,30.8847359204,32.8267482411
Myanmar,0,,,,,0,,,,,0,0,0,0,0,0,0,0,0,0,0,0,0,0,0,0,0,0,0.0015688298,0.0046206429,0.0065648943,0.0169880429,0.0195883987,0.0193754507,0.025595164,0.0297991488,0.0500199641,0.1052022469,0.1450952612,0.20067615,0.2778427709,0.4596346362,0.5278410744,0.7775355572,1.0546019113,1.2384543323,2.5728222637
Namibia,0,,,,,0,,,,,0,0,0,0,0,0,0,0,0,0,0,0,0,0,0,0,0,0,0,0,0.2119475436,0.3905995091,0.7135224491,1.0817833781,1.6207157729,4.325261797,5.5050637808,7.6010637435,11.1370971677,14.001347794,21.5801718406,28.7374100431,37.0669722425,47.8090111806,54.2800027475,67.2069107327,104.9602754556
Nauru,,,,,,,,,,,,,,,,,,,,,,,,,,,,,,,,,,,,,,,,,,,,,,,
Nepal,0,,,,,0,,,,,0,0,0,0,0,0,0,0,0,0,0,0,0,0,0,0,0,0,0,0,0,0,0,0,0.0230846343,0.0419087952,0.0691988498,0.0855977996,0.3131443994,0.4370781733,0.8332103888,4.1572031567,11.5208065966,14.5301781075,19.0192263086,30.6934486326,43.8055680878
Netherlands,0,,,,,0,,,,,0,0,0,0,0,0,0,0,0,,0.0332112336,0.105288033,0.1655903069,0.2244607687,0.3785221656,0.5304961771,0.7669381116,1.0991405582,1.4198745094,2.0952849431,3.49496974,6.5476059285,11.0023076651,21.3565929638,42.7590017249,67.8000293138,76.4725063162,75.4085068898,81.7959971889,91.2167457181,97.1085937671,105.6053443533,117.280505596,124.9874040061,121.678083838,115.4458186571,
Netherlands Antilles,,,,,,,,,,,,,,,,,,,,,,,,,,,,,,,,,,,,,,,,,,,,,,,
New Caledonia,0,,,,,0,,,,,0,0,0,0,0,0,0,0,0,0,0,0,0,0,0,0,0,0,0,0,0.4324896727,1.0557822014,2.6062584297,6.4013195358,12.2421688602,23.5642676857,31.4555795363,36.4064967393,43.451784372,51.238240238,58.1032542842,65.9641835762,73.8094640181,80.8831218018,84.8906439854,88.0180970224,89.2055443928
New Zealand,0,,,,,0,,,,,0,0,0,0,0,0,0,0,0,0,0,0,0.0724873615,0.3000481877,0.8599068861,1.5921209729,2.0980816917,2.8603033006,4.0341913144,6.6014962103,9.9318106371,13.256784014,15.0900914707,20.8803030023,36.5435128454,39.9685642836,58.5641044018,61.8125592823,64.6393761989,74.2070000221,85.3870366997,90.8573030247,100.442910165,107.999211746,108.7301521204,107.8263131001,109.1854156374
Ngorno-Karabakh,,,,,,,,,,,,,,,,,,,,,,,,,,,,,,,,,,,,,,,,,,,,,,,
Nicaragua,0,,,,,0,,,,,0,0,0,0,0,0,0,0,0,0,0,0,0,0,0,0,0,0,0.0073134693,0.0481282031,0.0948881183,0.1077503336,0.1566904652,0.3727692377,0.8855133311,1.7796465856,3.1951963967,4.545221165,8.8253041495,13.7905590951,20.6362400854,33.315937102,44.9754963195,55.1496679045,58.5714235679,68.4543092515,82.1522459057
Niger,0,,,,,0,,,,,0,0,0,0,0,0,0,0,0,0,0,0,0,0,0,0,0,0,0,0,0,0,0.0009963455,0.0132439122,0.0207807593,0.0188236656,0.0188006262,0.4915436989,0.6796733079,1.3742070281,2.4923494776,3.5883733139,6.4536197708,13.1323673407,17.3587722947,24.5332873301,27.0077081366
Nigeria,0,,,,,0,,,,,0,0,0,0,0,0,0,0,0,0,0,0,0,0,0,0,0,0,0.0086237163,0.0119122262,0.011816604,0.0124313715,0.0130130712,0.0169515418,0.0206980358,0.0242544709,0.2103007653,1.2085191616,2.3668307726,6.7061925871,13.2932026942,22.5494915935,27.4890813108,41.8067811439,48.2356100606,55.1041759785,58.5750454249
Niue,,,,,,,,,,,,,,,,,,,,,,,,,,,,,,,,,,,,,,,,,,,,,,,
Norfolk Island,,,,,,,,,,,,,,,,,,,,,,,,,,,,,,,,,,,,,,,,,,,,,,,
Northern Cyprus,,,,,,,,,,,,,,,,,,,,,,,,,,,,,,,,,,,,,,,,,,,,,,,
Northern Mariana Islands,0,,,,,0,,,,,0,0,0,0,0,0,0,0,0,0,0,0,0,0,0,0,,,1.4033473285,1.3946619996,2.0863396909,,,,4.3309727917,4.3839139584,19.0795559667,24.6955744816,26.9430576659,29.9309981872,,,,,,,
Norway,0,,,,,0,,,,,0,0,0,0,0,0,0.0407446363,0.2689729412,0.5690992652,0.9436583981,1.5189425318,2.088794082,2.8683739246,3.6216380218,3.9715499897,4.6405445263,5.4991024957,6.6015652344,8.6185007596,13.5783887653,22.5116629687,28.7663629363,38.0038086241,46.6745719095,59.6551822976,71.7902744219,79.5976386994,83.5611790196,89.0794443981,98.641914644,102.8368277364,104.2861959021,106.6843060252,109.04481499,110.8737646364,115.6777513352,116.7548724346
Oman,0,,,,,0,,,,,0,0,0,0,0,0,0,0,0,0,0.0033797507,0.0465286048,0.0694538494,0.0988350062,0.1167617048,0.1461413074,0.1885937746,0.2324039309,0.2657331937,0.3093073047,0.3607497789,0.6640899975,2.3384392198,4.3305940117,5.3554088301,7.1549618998,14.1718194905,20.1053118842,25.4284414121,33.9010131453,54.8762919272,72.994836627,97.610990529,122.0854824281,146.399578783,165.5432382068,168.9741035682
Pakistan,0,,,,,0,,,,,0,0,0,0,0,0,0,0,0,0,0,0,0,0,0,0.0017881941,0.0073932265,0.0114396791,0.0132198721,0.0198691903,0.0321673006,0.0520417638,0.100574312,0.1422962993,0.1880305748,0.2120733126,0.5032641185,1.1292913675,1.5700676822,3.222703627,8.0501533158,21.3645265576,38.223408549,52.5672211133,55.3343970596,57.1368806149,61.6109614055
Palau,,,,,,,,,,,,,,,,,,,,,,,,,,,,,,,,,,,,,,12.5581157717,19.9208041426,19.8151795183,30.3978699889,41.7070611164,53.1414653544,57.6774767649,62.6363904453,70.8870652599,74.942986074
Panama,0,,,,,0,,,,,0,0,0,0,0,0,0,0,0,0,0,0,0,0,0,0,0,0,0,0,0,0.2562490917,0.8421987724,3.0205650102,8.0316287975,13.8830685837,15.7716085752,17.1333960874,22.15298674,39.5964888407,54.0014408701,66.0007958519,89.8516506982,114.9350048892,175.2413774975,188.9874375146,203.8839768872
Papua New Guinea,0,,,,,0,,,,,0,0,0,0,0,0,0,0,0,0,0,0,0,0,0,0,0,0,0,0,0,0.047203985,0.0775981706,0.1088917201,0.1346993451,0.1591425933,0.1938902465,0.2650201963,0.3015666473,0.8122041615,1.2304285977,1.6013025636,4.6902063957,13.3450028309,21.146794869,27.836161502,34.2181139574
Paraguay,0,,,,,0,,,,,0,0,0,0,0,0,0,0,0,0,0,0,0,0,0,0,0,0.0335962802,0.0740964009,0.1634893668,0.3296307997,0.6699081578,1.6798779576,4.5183009533,8.3233290947,15.3607936613,21.0857473,29.9569663032,31.1913624163,30.2245994184,31.9948943812,53.8036083964,76.7140822595,92.9459722431,88.5956272986,91.7315666411,99.4026299082
Peru,0,,,,,0,,,,,0,0,0,0,0,0,0,0,0,0,0,0,0,0,0,0.0076087579,0.0257661299,0.095551533,0.1579621954,0.2230338127,0.3086519364,0.8287959369,1.7100089689,2.9611945164,3.9771216422,4.9256150566,6.8372169667,8.6794880458,10.8868545362,15.0229536834,20.2598163946,32.7276011777,54.7369321352,73.6098977569,85.8690140525,100.13288045,110.4136634592
Philippines,0,,,,,0,,,,,0,0,0,0,0,0,0,0,0,0,0,0,0,0,0,0,0.0547928927,0.0866759538,0.1547438495,0.253907309,0.7131026603,1.3539528271,1.8551335667,2.341480792,3.7663480309,8.3486766551,15.3982866884,19.0784095669,27.3526171231,39.2389452823,40.6551111714,49.208843009,64.6848427995,75.5404189711,82.4254079116,85.6690567885,91.9920838805
Pitcairn,,,,,,,,,,,,,,,,,,,,,,,,,,,,,,,,,,,,,,,,,,,,,,,
Poland,0,,,,,0,,,,,0,0,0,0,0,0,0,0,0,0,0,0,0,0,0,0,0,0.0057389048,0.0409721307,0.101505192,0.1953543282,0.5648593131,2.1157038365,5.0253372611,10.3205737409,17.6150639369,26.1444865668,36.3544083667,45.5551421848,60.5002853428,76.4217488047,96.2670587338,108.3766219858,114.9349364189,117.1438858844,122.6651202064,128.4630552133
Portugal,0,,,,,0,,,,,0,0,0,0,0,0,0,0,0,0,0,0,0,0,0.0280411889,0.0654880365,0.1266798528,0.3732893451,1.0101542943,1.7217283411,3.3663893219,6.5261886958,14.7577762281,29.989590663,45.3818599939,64.4815812064,76.8566910436,83.1793827188,95.5750860325,100.6172229053,108.5705508607,115.5876978113,127.0490974955,132.1081295679,110.6773605576,114.3767940491,114.9203113325
Puerto Rico,0,,,,,0,,,,,0,0,0,0,0,0,0,0,0,0,0,,0.1138977996,0.2508882743,0.3316847268,0.5772192648,0.9378185067,1.6676575332,2.6143539037,4.7699598288,7.7533662307,8.814956382,9.758930485,15.3234840319,21.3967913752,34.5562930332,42.6529335007,43.1942850054,44.9341655537,48.7274590342,52.7094759209,58.2769274153,64.5750628618,67.6669288831,72.2569624273,78.2603616049,82.9889313277
Qatar,0,,,,,0,,,,,0,0,0,0,0,0,0,,,,,,,,,0.8044802648,0.8400873012,0.8670555751,0.8727768508,2.3293060756,3.6836992965,5.6149033414,8.2218360134,11.9811671416,14.8042536017,20.4508957505,29.2618948553,42.729019038,57.6182096404,68.5640414685,87.3051428404,94.0140197233,107.3005078968,102.3943097002,121.9684997481,124.3133785499,123.1144129995
Reunion,,,,,,,,,,,,,,,,,,,,,,,,,,,,,,,,,,,,,,,,,,,,,,,
Romania,0,,,,,0,,,,,0,0,0,0,0,0,0,0,0,0,0,0,0,0,0,0,0,0,0.0034859926,0.0121656128,0.0399806816,0.0753299507,0.8947070467,2.8740570757,6.0831973159,11.2609755646,17.3987094212,23.2185809309,32.1085492668,46.7624836212,61.3370014508,73.673674596,94.2485906371,113.3419029137,116.5424375357,113.5603587967,109.1596364051
Russia,0,,,,,0,,,,,0,0,0,0,0,0,0,0,0,0,0,0,0,0,0,0,0.000201784,0.0040296113,0.0067138625,0.0186368556,0.0595338562,0.1502132285,0.3273156314,0.5056947376,0.9305862426,2.2235317595,5.3026865265,12.1006043438,24.9413431979,51.0870790715,83.424196767,104.9919434567,119.4742021316,139.3671553634,161.1162887444,166.2648829206,179.3087029346
Rwanda,0,,,,,0,,,,,0,0,0,0,0,0,0,0,0,0,0,0,0,0,0,0,0,0,0,0,0,0,0,0.0720034055,0.1450639805,0.4815799378,0.7685969723,0.9474174191,1.4757516461,1.5235988503,2.4232190327,3.3279047633,6.5407030779,13.2209599832,23.5591815755,33.4032316438,40.6306708886
St. Barthlemy,,,,,,,,,,,,,,,,,,,,,,,,,,,,,,,,,,,,,,,,,,,,,,,
St. Helena,,,,,,,,,,,,,,,,,,,,,,,,,,,,,,,,,,,,,,,,,,,,,,,
St. Kitts and Nevis,0,,,,,0,,,,,0,0,0,0,0,0,0,0,0,0,0,0,0,0,0,0,,,,,,0.6862789953,0.4627330595,0.98021743,1.5391719255,2.6039971356,4.4972695149,10.5692603632,45.9069757736,59.74084832,103.7154536026,102.3870229467,127.836686156,145.7868576572,145.88808162,152.6659287813,
St. Lucia,0,,,,,0,,,,,0,0,0,0,0,0,0,0,0,0,0,0,0,0,0,0,,,,0.3607448969,0.6799621941,0.9394586034,1.0590485772,1.2404355887,1.4819205691,1.5912620618,1.6996204181,8.9182570985,61.0903705532,61.7242454058,63.9273937377,63.2327756554,87.0889195642,102.5910774569,110.0198309154,113.7404098309,122.997659676
St. Martin,,,,,,,,,,,,,,,,,,,,,,,,,,,,,,,,,,,,,,,,,,,,,,,
St. Vincent and the Grenadines,0,,,,,0,,,,,0,0,0,0,0,0,0,0,0,0,0,0,0,0,0,0,,0.0648448356,0.0768155778,0.1387745284,0.1989138379,0.2591416857,0.3204326767,0.6950429537,1.3164115733,2.188319693,6.9378721513,9.2297734628,58.0606161286,66.319105429,64.9349455197,80.4586936962,101.3121217678,119.1613695067,110.8402200075,120.5409162833,120.5221048782
St.-Pierre-et-Miquelon,,,,,,,,,,,,,,,,,,,,,,,,,,,,,,,,,,,,,,,,,,,,,,,
Samoa,0,,,,,0,,,,,0,0,0,0,0,0,0,0,0,0,0,0,0,0,0,0,0,0,0,0,0,0,0.4459555442,0.8528145762,1.3883735136,1.416037474,1.407301078,1.5127067366,5.8613047823,8.9037779843,13.3158008622,25.1706626246,47.4412087579,68.2034442739,82.7846338562,91.4349386337,
San Marino,,,,,,,,,,,,,,,,,,,,,,,,,,0,,3.6335742258,5.1796955933,7.4785483744,9.112859257,8.8002471329,9.0117728266,18.9562635606,36.0815035215,53.780546594,57.5609047671,59.3217939188,58.249750112,57.4826727676,56.5987921191,56.6062302659,56.4388686426,78.2165523431,95.5036831532,96.9968922433,111.7535843706
Sao Tome and Principe,0,,,,,0,,,,,0,0,0,0,0,0,0,0,0,0,0,0,0,0,0,0,0,0,0,0,0,0,0,0,0,0,0,1.3583880462,3.2552452749,5.152650172,7.831767373,11.8887526618,19.1273568419,31.5610689888,39.3809802172,62.1111628385,68.2612771917
Saudi Arabia,,,,,,,,,,,,,,,,,,,,,,,,,,0.0920190299,0.0919689085,0.0920817438,0.089990113,0.0880838244,0.0865678898,1.015284034,1.7458298851,3.2576851767,4.2731053184,6.8638665788,12.2265343802,23.3329366831,32.4084524252,39.5272512212,58.9164995502,79.4372904287,111.3543131133,137.5797633009,167.3474552769,187.8614596296,191.2426941707
Senegal,0,,,,,0,,,,,0,0,0,0,0,0,0,0,0,0,0,0,0,0,0,0,0,0,0,0.001203467,0.001457739,0.0164341579,0.078772725,0.304215645,0.9484913064,2.632596602,3.092693077,5.5216830084,7.5978475729,10.5971128733,15.9135452581,26.7031641116,31.6419282452,45.7205121216,57.0047819977,67.1055133263,73.2549596806
Serbia,,,,,,,,,,,,,,,,,,,,,,,,,,,,,,,,,,,,,,,,47.7957556465,67.8489956651,82.0099803558,104.3840309503,118.6678016809,122.1336958448,122.0803535096,125.3928740014
Serbia and Montenegro,,,,,,,,,,,,,,,,,,,,,,,,,,,,,,,,,,,,,,,,,,,,,,,
Serbia excluding Kosovo,,,,,,,,,,,,,,,,,,,,,,,,,,,,,,,,,,,,,,,,,,,,,,,
Seychelles,0,,,,,0,,,,,0,0,0,0,0,0,0,0,0,0,0,0,0,0,0,0,0,0,0,0,0.0668851582,1.381566747,2.9474650751,6.7403472772,20.9690271173,32.9935820042,46.0644950649,55.4699900794,60.2853294146,65.7973399814,70.4153844312,83.4490040455,90.942041777,109.2417726253,128.5656199538,135.9104463811,145.7130031423
Sierra Leone,0,,,,,0,,,,,0,0,0,0,0,0,0,0,0,0,0,0,0,0,0,0,0,0,0,0,0,0,0,0,0,0.2881889593,0.6249056078,1.4870664064,2.3935205348,,,,14.1650066289,17.9753530256,20.2115487047,34.0858581865,35.6315963055
Singapore,0,,,,,0,,,,,0,0,0,0,0,0,0,0,0,,,,,0.3758761591,0.8931904546,1.7147645845,2.6425850913,3.7609396332,5.444999422,6.9600051514,8.788875696,12.0510426706,23.118250423,29.1045853481,42.4169107911,70.0992524175,75.1477785738,82.1632367504,87.5417579325,95.9266450938,102.7801459869,108.5861420355,129.2090940379,134.4197328872,139.1082457394,145.1827199416,149.4853538008
Slovak Republic,0,,,,,0,,,,,0,0,0,0,0,0,0,0,0,0,0,0,0,0,0,0,0.0022483408,0.0289189778,0.0585697474,0.1110619868,0.2293768512,0.5325966904,3.7132448777,8.6233644174,12.2945559906,23.0115017174,39.7135773791,54.0550190619,68.0098025912,79.0038103323,83.8404090779,90.2457008529,111.7306582576,101.4470612191,100.8391648667,108.4746048191,109.3494802707
Slovenia,0,,,,,0,,,,,0,0,0,0,0,0,0,0,0,0,0,0,0,0,0,0,0.027024206,0.1800486543,0.3329542777,0.833370753,1.3885123881,2.0900456914,4.7379862382,8.1649666214,31.8511908425,61.226822121,73.9336194952,83.7251088349,87.2003273122,92.5262730617,87.8700394189,90.6656674488,95.8290949117,101.8198151595,103.7743819292,104.5460368137,106.5619269076
Solomon Islands,0,,,,,0,,,,,0,0,0,0,0,0,0,0,0,0,0,0,0,0,0,0,0,0,0,0.0415465711,0.0645335069,0.0919852714,0.1747624903,0.1814394194,0.2748807299,0.2816026149,0.2301109863,0.231192737,0.2385539132,0.6565715149,1.2771256159,1.4492753623,2.1954117908,5.8798050257,9.5397090389,27.8733731241,49.7715778781
Somalia,0,,,,,0,,,,,0,0,0,0,0,0,0,0,0,0,0,0,0,0,0,0,0,0,0,0,0,0,0,0,0,1.0812223705,1.1188744912,1.2834904368,2.5056518109,6.1192776951,5.9809621191,6.4346322672,6.8701034054,7.0273675055,7.0286259157,6.9468319788,6.853706228
Somaliland,,,,,,,,,,,,,,,,,,,,,,,,,,,,,,,,,,,,,,,,,,,,,,,
South Africa,0,,,,,0,,,,,0,0,0,0,0,0,0,0,0,0,0,0,0,0,0.0110659342,0.0154373386,0.0188374262,0.032374249,0.1009859052,0.8386357311,1.2921956215,2.259592837,4.282380047,7.6684041412,11.7542193637,18.630315471,23.7653679831,29.7769844686,36.1559228677,44.1254909567,71.0566596587,82.0634180434,86.604970896,91.2420543631,93.3358736921,100.4770986637,126.8331904544
South Ossetia,,,,,,,,,,,,,,,,,,,,,,,,,,,,,,,,,,,,,,,,,,,,,,,
Spain,0,,,,,0,,,,,0,0,0,0,0,0,0,0,,,,0.0044057029,0.0108602741,0.0300114355,0.0767320687,0.1406561695,0.2782277183,0.4612763003,0.6562219476,1.047672707,2.3967306125,7.5852285408,10.9513850661,16.2013355151,37.5572399848,60.2283155198,72.7444298711,81.0618133914,88.5347670541,90.3830825788,98.3838717067,103.8102101539,108.5598895391,109.9168374043,111.9324981732,111.9887152348,114.233016779
Sri Lanka,0,,,,,0,,,,,0,0,0,0,0,0,0,0,0,0,0,0,0,0,0,0.0058256746,0.0102605811,0.014903385,0.0819329916,0.1613181409,0.2814997977,0.3872774909,0.6234338929,0.9411188867,1.3791159751,2.2950123883,3.5285343451,4.8677658981,7.193668429,11.2753181901,16.9422648395,26.9787514449,39.3813292434,54.1299345568,78.887730318,83.2183817899,87.0472988056
Sudan,0,,,,,0,,,,,0,0,0,0,0,0,0,0,0,0,0,0,0,0,0,0,0,0,0,0,0,0.0071130408,0.0119746327,0.026421438,0.038958687,0.0672756006,0.2966839202,0.5326597445,1.4388198835,2.7958827577,4.7589814404,11.8955513064,20.3550955964,28.9543046698,36.1123014572,41.5440290021,56.2536176069
Suriname,0,,,,,0,,,,,0,0,0,0,0,0,0,0,0,0,0,0,0,0,0,0,0,0,0.2539727415,0.321319129,0.3869976142,0.5467349784,0.5040662385,1.3227664691,3.800885715,8.7926211213,18.3764899214,22.5694184099,34.6183237469,43.1474993715,46.622831438,63.3772550915,74.4899399376,127.5770483783,146.9454334909,169.6414275803,178.8753331482
Svalbard,,,,,,,,,,,,,,,,,,,,,,,,,,,,,,,,,,,,,,,,,,,,,,,
Swaziland,0,,,,,0,,,,,0,0,0,0,0,0,0,0,0,0,0,0,0,0,0,0,0,0,0,0,0,0,0,0.4568837804,1.3356561029,3.1019935479,5.1158840759,6.2801481746,7.807304698,13.2361223821,18.101038185,22.3692828587,33.5390690437,46.2160014743,56.8695034429,61.1945810316,63.7015615002
Sweden,0,,,,,0,,,,,0,0,0,0,0,0,0.2447571697,0.3272413528,0.4359282519,0.6949586042,0.8742104562,1.3440889095,2.0563034914,2.8735085101,4.1031057571,5.388587621,6.5941495897,7.5587732065,8.8626775883,15.7110781645,22.7485170697,28.1664001295,35.7919993531,46.4154801105,57.9046317718,71.9208799216,80.8604507232,89.2962357969,98.4959585433,97.850682198,100.8268041591,105.6793492519,110.42941812,108.4133243375,112.1241183919,116.0529770343,118.5711257806
Switzerland,0,,,,,0,,,,,0,0,0,0,0,0,0,0,0,0,0,0,0.0838338225,0.4682348863,1.0990605061,1.8737175478,2.5898265071,3.155839119,3.7395596107,4.7716437387,6.3710782991,9.3855894727,14.7293068751,23.8799018354,42.841815731,64.7123121558,73.1936808432,79.0671642563,84.6986989875,85.240675099,92.1675866253,99.5689409307,109.1372821229,117.4761171097,122.324129328,125.8319005031,130.0623629359
Syria,0,,,,,0,,,,,0,0,0,0,0,0,0,0,0,0,0,0,0,0,0,0,0,0,0,0,0,0,0,0,0.0256857567,0.1876344635,1.2154415037,2.3580848531,6.7752598841,13.0298608754,15.9596436336,24.7083529084,32.2684394942,35.8285021031,49.9750146394,57.8092193833,63.1668574991
Taiwan,,,,,,,,,,,,,,,,,,,,,,,,,,,,,,,,,,,,,,,,,,,,,,,
Tajikistan,0,,,,,0,,,,,0,0,0,0,0,0,0,0,0,0,0,0,0,0,0,0,0,0,0,0,0,0.0017405151,0.0053825106,0.0069678596,0.0102387379,0.018792099,0.026152864,0.2099968357,0.7514450685,2.1123058243,4.1064643497,32.9520399152,32.2930410606,54.8989929785,72.2352687963,86.3665577934,90.6412221487
Tanzania,0,,,,,0,,,,,0,0,0,0,0,0,0,0,0,0,0,0,0,0,0,0,0,0,0,0.0012764835,0.0116885898,0.0293602134,0.0639393273,0.1171397246,0.1534763138,0.3246885165,0.7891841335,1.6935996696,3.5282975032,5.1393409777,7.6330719478,14.0493310612,20.0934129424,30.7724412611,40.1369124841,46.7958949204,55.5328770397
Thailand,0,,,,,0,,,,,0,0,0,0,0,0,0,0,0,0,0,0.0015391895,0.010818748,0.0317190413,0.0709532187,0.1107775017,0.2140837776,0.4303646711,0.7048725135,1.2469546325,2.175729395,3.0612093678,3.6168870743,3.2062029196,3.7485210982,4.8388862271,11.8155437437,15.7349764973,33.3915993656,41.4448989798,46.6825324948,60.531168865,78.1368245957,90.5800379452,95.9919015659,103.6195849804,113.1610258585
Timor-Leste,,,,,,,,,,,,,,,,,,,,,,,,,,0,,,,,,,,,,,,,2.1537080543,2.640797352,3.2732660509,4.7276452668,7.3734174232,11.5769498282,31.9024590708,53.4172925811,53.2269806575
Togo,0,,,,,0,,,,,0,0,0,0,0,0,0,0,0,0,0,0,0,0,0,0,0,0,0,0,0,0,0.0688608801,0.1666602595,0.3655321266,1.0430782993,1.9284868361,3.2694644282,4.7118206231,6.288726017,8.0183334307,12.8031063085,21.057116539,26.8233637196,37.0617800256,40.685387931,50.4457080987
Tokelau,,,,,,,,,,,,,,,,,,,,,,,,,,,,,,,,,,,,,,,,,,,,,,,
Tonga,0,,,,,0,,,,,0,0,0,0,0,0,0,0,0,0,0,0,0,0,0,0,0,0,0,0,0.3128030279,0.3139423677,0.1242866464,0.1340676113,0.1436914329,0.1837953745,0.2396523011,3.3860660455,11.2383226803,16.3532297629,29.5979232309,29.5824145535,45.4994425646,49.0447964241,51.1983307412,52.182436718,52.6270464745
Transnistria,,,,,,,,,,,,,,,,,,,,,,,,,,,,,,,,,,,,,,,,,,,,,,,
Trinidad and Tobago,0,,,,,0,,,,,0,0,0,0,0,0,0,0,0,0,0,0,0,0,0,0,0.0347972976,0.1035053208,0.1350123433,0.2074221868,0.5036295734,0.7513884609,1.3438288931,2.052995327,3.0041084149,12.527301406,19.746607842,20.1887557853,25.7530827332,49.6854928423,70.2531424236,115.0241817364,113.8894085415,135.6923909124,138.1633839663,141.2068149374,135.5665317339
Tunisia,0,,,,,0,,,,,0,0,0,0,0,0,0,0,0,0,,,0.0029119412,0.005093962,0.00790354,0.0116005736,0.014792993,0.0231461912,0.0261619045,0.0307537949,0.0356442482,0.0717961519,0.0835546068,0.4209053469,0.5902089486,1.2601895683,4.0769906896,5.9614206917,19.7232513695,38.0649233152,57.3109429532,73.2598330657,77.4169210832,83.9454589368,94.5194585401,106.0421332679,116.9302373963
Turkey,0,,,,,0,,,,,0,0,0,0,0,0,0,0,0,0,0,0.0007242992,0.0099339514,0.0188337465,0.0293341442,0.0587637955,0.0868512307,0.1096102273,0.1478002418,0.3018047971,0.7426018968,1.3478975904,2.6484432372,5.6786121702,12.9545032863,25.3558810447,30.3244605764,35.6371041756,42.0376444882,51.6205406077,63.9960758512,76.2525371926,88.5460329222,92.8097126307,87.3804648184,84.9040013498,88.704648787
Turkmenistan,0,,,,,0,,,,,0,0,0,0,0,0,0,0,0,0,0,0,0,0,0,0,0,0,0,0,0,0,0.0576569462,0.0682548353,0.0898992162,0.1666141277,0.1795578259,0.177670321,0.1976586476,1.0666902857,2.2115324467,4.5163454812,7.8551622269,23.0796788221,42.8319375252,63.4198169574,68.7716551874
Turks and Caicos Islands,,,,,,,,,,,,,,,,,,,,,,,,,,,,,,,,,,,,,,,,,,,,,,,
Tuvalu,0,,,,,0,,,,,0,0,0,0,0,0,0,0,0,0,0,0,0,0,0,0,0,0,0,0,0,0,0,0,0,0,0,0,0,5.1834957495,13.4103569218,16.4406083025,18.4388444991,,10.1978380583,16.2816729419,21.6309535899
Uganda,0,,,,,0,,,,,0,0,0,0,0,0,0,0,0,0,0,0,0,0,0,0,0,0,0,0,0.0083865091,0.018627531,0.0226007241,0.131643366,0.2399996627,0.5241497172,1.1347980548,1.5247885035,2.9133693674,4.2331610277,4.6262550119,6.8396351124,13.8275956459,27.2974791598,28.9908563448,38.3796130542,48.3841688037
Ukraine,0,,,,,0,,,,,0,0,0,0,0,0,0,0,0,0,0,0,0,0,0,0,0,0,0.0001260993,0.009731899,0.027385619,0.0590861465,0.1136209286,0.2316480354,0.4386957318,1.674154222,4.5917019075,7.6879407653,13.639747878,29.0532572541,63.9620379599,105.3323592563,119.3557137072,121.0688372899,120.1855036234,118.6392243376,122.9622918076
United Arab Emirates,,,,,,,,,,,,,,,,,,0.2013244209,0.2928462204,0.3859234877,0.5873980726,0.7832512591,0.9039532378,0.8579016259,1.4594858978,1.8565310327,2.2519494065,2.4288328008,3.3268542643,4.0971258139,5.4914140238,7.8348961978,11.8460643052,17.9015981509,28.7282044626,47.0782672505,60.6235711746,74.6021972593,87.3968489476,100.6854760005,111.421826931,118.3704689615,143.0293101098,150.770153109,153.7997194045,145.4535397494,148.6188562962
United Kingdom,0,,,,,0,,,,,0,0,0,0,0,0,0,0,0,0,0.0884691003,0.2295888615,0.510980279,0.9841467837,1.7087823685,1.9470597597,2.1962840304,2.6197096489,3.9319271077,6.8120602374,9.8897602143,12.4634542323,15.1597844886,25.4376853136,46.3343195774,73.8049285733,78.3168332932,82.9592586083,91.027288664,99.6595977398,108.7519922478,115.7583013407,121.2494868924,125.2408107299,130.1742602853,130.7564224847,130.7519369069
United States,0,,,,,0,,,,,0,0,0,0,0,0,,,,0.0383593788,0.1410971093,0.280015091,0.5005083055,0.8331700865,1.3987783858,2.0853690025,2.9542342065,4.2716924763,6.1385203954,9.1602514269,12.685937768,16.3489358204,20.2874176204,25.0771064273,30.8080894227,38.7537915097,45.0016984727,49.1563501539,55.1466051507,62.8501119079,68.6273825426,76.6446034137,82.4719584424,85.6752030952,89.1491163403,89.8564509528,105.9136009481
Uruguay,0,,,,,0,,,,,0,0,0,0,0,0,0,0,0,0,0,0,0,0,0,0,0,0.0542827401,0.1564036909,0.213258458,1.2379471248,2.4211115779,3.0353583228,4.5996654977,9.6493201382,12.3765842559,15.639720766,15.4426908933,14.9717554927,18.0578659329,34.7603587508,70.0239011784,90.0703876568,104.8371367679,122.4629481642,131.7138577517,140.7518857944
USSR,,,,,,,,,,,,,,,,,,,,,,,,,,,,,,,,,,,,,,,,,,,,,,,
Uzbekistan,0,,,,,0,,,,,0,0,0,0,0,0,0,0,0,0,0,0,0,0,0,0,0,0,0.002273666,0.0040148012,0.0162788162,0.0407324962,0.0725505292,0.1111846696,0.1650589537,0.214436698,0.5111782404,0.7394650562,1.258616688,2.1164463244,2.7748429959,9.6528235262,21.4740939546,46.1557735361,60.5200378663,76.3426033921,91.6482143345
Wallis et Futuna,,,,,,,,,,,,,,,,,,,,,,,,,,,,,,,,,,,,,,,,,,,,,,,
Vanuatu,0,,,,,0,,,,,0,0,0,0,0,0,0,0,0,0,0,0,0,0,0,0,0,0,0,0.0389640435,0.0719112342,0.0896479861,0.118339136,0.1236330123,0.1655272872,0.1972184099,0.1846536952,2.5185680142,3.9006240999,5.1099187103,6.0103234361,6.9200959587,11.6918566219,15.7866348595,54.0878566235,119.0481158017,
Venezuela,0,,,,,0,,,,,0,0,0,0,0,0,0,0,0,0,0,0,0,0.0096195829,0.0191916128,0.0377034964,0.0823300597,0.3807080831,0.8652555451,1.4789278283,1.8325467103,2.5854197438,4.6681024453,8.5797814222,15.8448515887,22.3718744435,26.0878828405,25.884568622,27.2575920021,32.1411523987,46.8634256924,69.2604196121,86.325388289,97.7078914949,98.6102937972,96.2052090181,97.7752677754
West Bank and Gaza,,,,,,,,,,,,,,,,,,,,,,,,,,0,,0,0,0,,,,,,0.221224551,5.3560208468,7.4962332919,7.7232733758,12.5342365673,15.9631812738,22.5912660483,27.3983379374,34.3496720019,45.7936963451,,
West Germany,,,,,,,,,,,,,,,,,,,,,,,,,,,,,,,,,,,,,,,,,,,,,,,
Western Sahara,,,,,,,,,,,,,,,,,,,,,,,,,,,,,,,,,,,,,,,,,,,,,,,
Vietnam,0,,,,,0,,,,,0,0,0,0,0,0,0,0,0,0,0,0,0,0,0,0,0,0.0011430594,0.0056849359,0.0171775579,0.0317532926,0.0917366352,0.2108194219,0.2891444338,0.42196329,1.0012429212,1.5712672245,2.363196559,3.3695001205,6.0294424482,11.5356757053,22.4708292229,52.9648278933,87.1095339915,113.0295214772,127.0030459845,143.3891011978
Virgin Islands (U.S.),0,,,,,0,,,,,0,0,0,0,0,0,0,0,0,0,0,0,0,0,0,0,,,,,,,14.8281326747,23.1198905042,27.6967391706,32.2547944448,37.7094715156,41.4474952494,45.1787907113,58.7535462616,73.4251986504,,,,,,
North Yemen (former),,,,,,,,,,,,,,,,,,,,,,,,,,,,,,,,,,,,,,,,,,,,,,,
South Yemen (former),,,,,,,,,,,,,,,,,,,,,,,,,,,,,,,,,,,,,,,,,,,,,,,
Yemen,0,,,,,0,,,,,0,0,0,0,0,0,0,0,0,0,0,0,0,0,0,0,0,0.0117511557,0.037280994,0.0563719544,0.0544620169,0.0560781774,0.0754609403,0.096585182,0.1608333652,0.180791422,0.8093558264,2.5842803608,3.4766842553,7.3703753953,11.0300662373,13.9880270969,19.8159292003,28.4841797893,35.6349611676,46.0866585505,47.0486147514
Yugoslavia,,,,,,,,,,,,,,,,,,,,,,,,,,,,,,,,,,,,,,,,,,,,,,,
Zambia,0,,,,,0,,,,,0,0,0,0,0,0,0,0,0,0,0,0,0,0,0,0,0,0,0,0,0.0173441071,0.0296989794,0.0483111279,0.0853124408,0.2834557469,0.968998669,1.1598280354,1.3007189153,2.2032752738,4.1488249818,8.2841455494,14.1558564796,21.8908497647,28.5873499105,34.6335269503,41.6163950684,60.5905591253
Zimbabwe,0,,,,,0,,,,,0,0,0,0,0,0,0,0,0,0,0,0,0,0,0,0,0,0,0,0,0,0,0.0474412856,0.1549535131,1.4026335331,2.129913185,2.4970308187,2.687060723,2.8831544326,3.37949799,5.1477699785,6.7770900316,9.8199658768,13.2892847095,31.9945691804,61.2498761082,72.1320945639
land,,,,,,,,,,,,,,,,,,,,,,,,,,,,,,,,,,,,,,,,,,,,,,,
South Sudan,,,,,,,,,,,,,,,,,,,,,,,,,,,,,,,,,,,,,,,,,,,,,,,
Christian,,,,,,,,,,,,,,,,,,,,,,,,,,,,,,,,,,,,,,,,,,,,,,,
Coastline,,,,,,,,,,,,,,,,,,,,,,,,,,,,,,,,,,,,,,,,,,,,,,,
Curaao,,,,,,,,,,,,,,,,,,,,,,,,,,,,,,,,,,,,,,,,,,,,,,,
Sint Maarten (Dutch part),,,,,,,,,,,,,,,,,,,,,,,,,,,,,,,,,,,,,,,,,,,,,,,
St. Martin (French part),,,,,,,,,,,,,,,,,,,,,,,,,,,,,,,,,,,,,,,,,,,,,,,
Antarctica,,,,,,,,,,,,,,,,,,,,,,,,,,,,,,,,,,,,,,,,,,,,,,,
"Virgin Islands, British",,,,,,,,,,,,,,,,,,,,,,,,,,,,,,,,,,,,,,,,,,,,,,,
Hawaiian Trade Zone,,,,,,,,,,,,,,,,,,,,,,,,,,,,,,,,,,,,,,,,,,,,,,,
U.S. Pacific Islands,,,,,,,,,,,,,,,,,,,,,,,,,,,,,,,,,,,,,,,,,,,,,,,
Wake Island,,,,,,,,,,,,,,,,,,,,,,,,,,,,,,,,,,,,,,,,,,,,,,,
Bonaire,,,,,,,,,,,,,,,,,,,,,,,,,,,,,,,,,,,,,,,,,,,,,,,
Sark,,,,,,,,,,,,,,,,,,,,,,,,,,,,,,,,,,,,,,,,,,,,,,,
Chinese Taipei,,,,,,,,,,,,,,,,,,,,,,,,,,,,,,,,,,,,,,,,,,,,,,,
Saint Eustatius,,,,,,,,,,,,,,,,,,,,,,,,,,,,,,,,,,,,,,,,,,,,,,,
Saba,,,,,,,,,,,,,,,,,,,,,,,,,,,,,,,,,,,,,,,,,,,,,,,
